name,recall_low,recall_high,recall
ann(3-gram),0.8607931110684535,0.8745367853315467,0.8676649482000001
ann(4-gram),0.8697705547463721,0.8831175440536281,0.8764440494000001
ann(3 and 4-gram),0.8758010941026783,0.8888696966973216,0.8823353953999999
naive bayes(3-gram),0.6880398561575138,0.7066728458424862,0.697356351
naive bayes(4-gram),0.6813044208400111,0.7000514571599888,0.690677939
naive bayes(3 and 4-gram),0.688102369166042,0.7067342788339581,0.697418324
